City_ID,City,Country,Date,Lat,Lng,Max Temp,Humidity,Cloudiness,Wind Speed
0,Nikolsk,RU,2021-02-03 05:49:55,53.7189,46.0712,17.89,95,78,10.96
1,Bredasdorp,ZA,2021-02-03 05:40:16,-34.5322,20.0403,60.8,94,0,2.3
2,Acapulco,MX,2021-02-03 05:40:45,16.8634,-99.8901,74.28,76,0,3.11
3,Hithadhoo,MV,2021-02-03 05:40:52,-0.6,73.0833,82.45,68,54,3.71
4,Mach,PK,2021-02-03 05:49:17,29.8637,67.3298,59.76,28,0,4.68
5,Daye,CN,2021-02-03 05:49:55,30.0833,114.95,60.53,56,33,4.61
6,Nanortalik,GL,2021-02-03 05:40:47,60.1432,-45.2371,14.09,84,0,17.76
7,Hamilton,US,2021-02-03 05:37:44,39.1834,-84.5333,27.0,80,40,10.36
8,Chokurdakh,RU,2021-02-03 05:40:43,70.6333,147.9167,-2.94,92,72,9.42
9,Oksfjord,NO,2021-02-03 05:49:56,70.2396,22.3479,21.2,85,75,2.3
10,Mataura,NZ,2021-02-03 05:40:19,-46.1927,168.8643,60.49,54,61,6.85
11,Punta Arenas,CL,2021-02-03 05:36:46,-53.15,-70.9167,55.4,67,75,31.07
12,Rikitea,PF,2021-02-03 05:40:12,-23.1203,-134.9692,77.43,79,55,16.89
13,Pevek,RU,2021-02-03 05:40:51,69.7008,170.3133,7.0,90,100,8.75
14,Kapaa,US,2021-02-03 05:40:14,22.0752,-159.319,73.4,73,20,14.97
15,Champerico,GT,2021-02-03 05:41:21,14.3,-91.9167,66.0,93,0,3.09
16,Ribeira Grande,PT,2021-02-03 05:40:25,38.5167,-28.7,56.5,66,47,31.03
17,Busselton,AU,2021-02-03 05:40:16,-33.65,115.3333,75.0,67,1,7.0
18,Clyde River,CA,2021-02-03 05:39:16,70.4692,-68.5914,-31.0,75,1,2.3
19,Pacific Grove,US,2021-02-03 05:40:40,36.6177,-121.9166,51.8,93,90,9.62
20,Naze,JP,2021-02-03 05:40:36,28.3667,129.4833,60.8,55,75,11.5
21,Cidreira,BR,2021-02-03 05:40:27,-30.1811,-50.2056,76.8,91,94,14.07
22,New Norfolk,AU,2021-02-03 05:40:12,-42.7826,147.0587,68.0,45,20,12.66
23,Vila Franca Do Campo,PT,2021-02-03 05:40:42,37.7167,-25.4333,53.6,76,40,18.41
24,Bethel,US,2021-02-03 05:40:20,41.3712,-73.414,25.0,94,88,11.97
25,Vaini,TO,2021-02-03 05:40:15,-21.2,-175.2,78.8,94,90,5.75
26,Butaritari,KI,2021-02-03 05:40:16,3.0707,172.7902,81.97,83,91,18.28
27,Tasiilaq,GL,2021-02-03 05:40:30,65.6145,-37.6368,21.2,93,90,5.75
28,Caravelas,BR,2021-02-03 05:41:16,-17.7125,-39.2481,74.08,90,100,3.83
29,Atuona,PF,2021-02-03 05:40:12,-9.8,-139.0333,78.35,76,26,12.17
30,Ushuaia,AR,2021-02-03 05:39:08,-54.8,-68.3,46.4,93,90,26.46
31,Chimoio,MZ,2021-02-03 05:49:59,-19.1164,33.4833,71.6,100,75,6.91
32,Marawi,PH,2021-02-03 05:49:59,7.9986,124.2928,82.99,82,84,5.99
33,Souillac,MU,2021-02-03 05:40:31,-20.5167,57.5167,84.2,70,75,11.5
34,Oktyabrskoye,RU,2021-02-03 05:49:59,43.0645,44.7417,35.6,80,45,4.47
35,Thompson,CA,2021-02-03 05:40:15,55.7435,-97.8558,15.8,92,90,6.91
36,Ancona,IT,2021-02-03 05:49:59,43.55,13.1667,44.01,93,40,2.3
37,Petropavlovsk-Kamchatskiy,RU,2021-02-03 05:45:48,53.0452,158.6483,19.4,79,90,4.47
38,Longyearbyen,SJ,2021-02-03 05:39:54,78.2186,15.6401,24.8,68,75,16.11
39,Kodiak,US,2021-02-03 05:40:24,57.79,-152.4072,33.35,96,100,12.62
40,Jamestown,US,2021-02-03 05:38:45,42.097,-79.2353,27.0,74,90,16.11
41,Bluff,NZ,2021-02-03 05:40:18,-46.6,168.3333,55.98,69,51,13.24
42,Dunedin,NZ,2021-02-03 05:50:00,-45.8742,170.5036,57.0,81,73,3.0
43,Sena Madureira,BR,2021-02-03 05:50:00,-9.0656,-68.6569,73.72,88,98,2.26
44,Kahului,US,2021-02-03 05:40:54,20.8947,-156.47,71.6,73,20,5.75
45,Malinao,PH,2021-02-03 05:50:01,7.5917,124.6889,81.75,61,98,8.68
46,Dikson,RU,2021-02-03 05:40:32,73.5069,80.5464,-24.36,86,3,14.14
47,Port Alfred,ZA,2021-02-03 05:40:23,-33.5906,26.891,78.01,70,6,8.72
48,Hermanus,ZA,2021-02-03 05:40:18,-34.4187,19.2345,64.99,91,0,6.24
49,Saint-Philippe,RE,2021-02-03 05:40:19,-21.3585,55.7679,87.8,58,20,3.44
50,Akranes,IS,2021-02-03 05:50:01,64.3218,-22.0749,32.0,51,0,17.27
51,Dicabisagan,PH,2021-02-03 05:50:03,17.0818,122.4157,73.42,85,99,8.75
52,Wollongong,AU,2021-02-03 05:48:31,-34.4333,150.8833,73.99,64,79,8.93
53,Ostrovnoy,RU,2021-02-03 05:40:46,68.0531,39.5131,20.73,96,100,5.01
54,Anloga,GH,2021-02-03 05:50:03,5.7947,0.8973,82.4,89,40,4.61
55,Muros,ES,2021-02-03 05:41:34,42.7762,-9.0603,52.0,93,75,11.5
56,Montalvo,EC,2021-02-03 05:50:03,-1.8,-79.3333,79.0,90,88,2.28
57,Coihaique,CL,2021-02-03 05:40:47,-45.5752,-72.0662,53.6,82,0,3.44
58,Upernavik,GL,2021-02-03 05:40:40,72.7868,-56.1549,-9.62,81,95,4.16
59,Esperance,AU,2021-02-03 05:41:04,-33.8667,121.9,82.4,42,90,19.57
60,Lewisville,US,2021-02-03 05:50:04,33.0462,-96.9942,50.0,53,1,5.75
61,Walvis Bay,NA,2021-02-03 05:40:36,-22.9575,14.5053,66.0,82,90,2.3
62,Iskateley,RU,2021-02-03 05:50:05,67.6803,53.1512,8.98,95,100,10.16
63,Kiunga,PG,2021-02-03 05:50:05,-6.1219,141.2906,84.2,88,74,4.45
64,Bosaso,SO,2021-02-03 05:50:05,11.2842,49.1816,75.2,69,20,6.91
65,Osinovo,RU,2021-02-03 05:50:05,55.8809,48.881,3.2,85,90,2.24
66,Qujing,CN,2021-02-03 05:50:05,25.4833,103.7833,62.67,43,60,14.88
67,Tuktoyaktuk,CA,2021-02-03 05:40:37,69.4541,-133.0374,-41.8,66,1,2.3
68,Agirish,RU,2021-02-03 05:41:03,61.9247,63.0231,10.85,95,93,8.75
69,Barrow,US,2021-02-03 05:40:35,71.2906,-156.7887,-25.6,68,1,14.97
70,Provideniya,RU,2021-02-03 05:40:14,64.3833,-173.3,4.59,91,100,16.11
71,Maragogi,BR,2021-02-03 05:48:55,-9.0122,-35.2225,77.04,85,24,7.58
72,Tuatapere,NZ,2021-02-03 05:40:40,-46.1333,167.6833,58.15,62,64,7.52
73,Avera,US,2021-02-03 05:40:19,33.194,-82.5271,37.4,48,1,13.8
74,Wanaka,NZ,2021-02-03 05:50:06,-44.7,169.15,74.62,40,12,3.29
75,Coahuayana,MX,2021-02-03 05:50:06,18.7333,-103.6833,70.18,73,13,2.13
76,Rio Gallegos,AR,2021-02-03 05:39:07,-51.6226,-69.2181,60.8,59,0,24.16
77,Monrovia,LR,2021-02-03 05:45:56,6.3005,-10.7969,77.0,94,75,3.44
78,Texarkana,US,2021-02-03 05:47:26,33.4251,-94.0477,44.6,57,1,4.61
79,Chuy,UY,2021-02-03 05:41:09,-33.6971,-53.4616,71.24,95,87,5.5
80,Hasaki,JP,2021-02-03 05:39:25,35.7333,140.8333,51.8,29,20,13.8
81,Gavle,SE,2021-02-03 05:50:07,60.6745,17.1417,15.01,78,100,10.0
82,Olafsvik,IS,2021-02-03 05:40:57,64.8945,-23.7142,34.7,81,100,16.13
83,Ilulissat,GL,2021-02-03 05:40:43,69.2167,-51.1,-5.8,65,0,20.71
84,Ancud,CL,2021-02-03 05:41:14,-41.8697,-73.8203,52.0,87,0,4.61
85,Haines Junction,CA,2021-02-03 05:41:17,60.7522,-137.5108,-22.0,76,95,2.28
86,Kaitangata,NZ,2021-02-03 05:40:31,-46.2817,169.8464,60.01,60,37,11.99
87,Port Elizabeth,ZA,2021-02-03 05:35:38,-33.918,25.5701,73.4,64,0,2.3
88,Salalah,OM,2021-02-03 05:50:08,17.0151,54.0924,75.2,41,0,3.44
89,Eyl,SO,2021-02-03 05:50:08,7.9803,49.8164,78.12,51,62,16.11
90,Cravinhos,BR,2021-02-03 05:50:09,-21.3403,-47.7294,71.6,94,90,6.91
91,Lavrentiya,RU,2021-02-03 05:40:32,65.5833,-171.0,1.11,84,100,22.86
92,Klaksvik,FO,2021-02-03 05:40:24,62.2266,-6.589,32.0,86,40,10.36
93,Luderitz,NA,2021-02-03 05:40:22,-26.6481,15.1594,64.62,84,3,7.63
94,Cherskiy,RU,2021-02-03 05:40:12,68.75,161.3,2.88,84,12,3.65
95,Kokopo,PG,2021-02-03 05:49:27,-4.352,152.2633,79.88,79,100,3.24
96,Yelbarga,IN,2021-02-03 05:50:10,15.6333,76.0167,81.05,30,19,13.0
97,Castro,BR,2021-02-03 05:40:18,-24.7911,-50.0119,64.18,95,82,4.09
98,Srednekolymsk,RU,2021-02-03 05:41:33,67.45,153.6833,-23.49,87,97,4.63
99,Tocopilla,CL,2021-02-03 05:50:10,-22.092,-70.1979,67.3,63,49,4.12
100,Panorama,GR,2021-02-03 05:41:06,40.5878,23.0315,48.0,86,0,2.35
101,Tiksi,RU,2021-02-03 05:40:48,71.6872,128.8694,-4.61,92,100,16.49
102,Temozon,MX,2021-02-03 05:50:11,20.8,-88.2167,56.37,85,10,2.1
103,Belyy Yar,RU,2021-02-03 05:41:04,53.6039,91.3903,1.4,71,100,2.24
104,Nhulunbuy,AU,2021-02-03 05:41:23,-12.2333,136.7667,84.2,74,75,8.05
105,Qaanaaq,GL,2021-02-03 05:40:18,77.484,-69.3632,-12.12,83,100,2.35
106,Horasan,TR,2021-02-03 05:50:11,40.0458,42.1728,15.78,85,69,0.76
107,Albany,US,2021-02-03 05:40:24,42.6001,-73.9662,28.0,86,98,9.31
108,Xiamen,CN,2021-02-03 05:50:11,24.4798,118.0819,69.8,43,0,6.71
109,Hohhot,CN,2021-02-03 05:50:11,40.8106,111.6522,26.6,26,0,13.42
110,Dunmore Town,BS,2021-02-03 05:50:12,25.5,-76.65,65.08,66,3,20.74
111,Itoman,JP,2021-02-03 05:50:12,26.1247,127.6694,71.6,52,40,13.8
112,Severo-Kurilsk,RU,2021-02-03 05:40:23,50.6789,156.125,19.06,90,99,35.68
113,Remetea,RO,2021-02-03 05:50:12,46.7833,25.45,34.32,90,99,3.15
114,Mar Del Plata,AR,2021-02-03 05:50:05,-38.0023,-57.5575,66.99,94,75,3.44
115,Georgetown,MY,2021-02-03 05:40:06,5.4112,100.3354,86.0,66,20,10.36
116,Bathsheba,BB,2021-02-03 05:40:22,13.2167,-59.5167,78.8,69,40,19.57
117,Pangnirtung,CA,2021-02-03 05:50:13,66.1451,-65.7125,-15.27,73,100,0.89
118,Camacha,PT,2021-02-03 05:50:13,33.0833,-16.3333,60.8,94,75,4.61
119,Cabo San Lucas,MX,2021-02-03 05:36:44,22.8909,-109.9124,66.0,64,100,1.01
120,Okhotsk,RU,2021-02-03 05:40:58,59.3833,143.3,-21.15,81,49,15.84
121,Shimoda,JP,2021-02-03 05:50:13,34.6667,138.95,50.0,50,20,5.75
122,Pisco,PE,2021-02-03 05:40:35,-13.7,-76.2167,71.6,73,0,8.05
123,Grindavik,IS,2021-02-03 05:41:25,63.8424,-22.4338,35.6,60,20,20.71
124,Arraial Do Cabo,BR,2021-02-03 05:50:14,-22.9661,-42.0278,75.61,89,0,22.21
125,Mwense,ZM,2021-02-03 05:50:14,-10.3845,28.698,70.54,85,98,1.28
126,Belvedere Marittimo,IT,2021-02-03 05:50:14,39.6179,15.8617,52.97,83,14,2.98
127,Narsaq,GL,2021-02-03 05:40:57,60.9167,-46.05,15.8,48,0,9.22
128,Leningradskiy,RU,2021-02-03 05:40:22,69.3833,178.4167,-10.68,85,100,15.14
129,Zhigansk,RU,2021-02-03 05:50:15,66.7697,123.3711,-31.99,83,100,20.31
130,Akhmim,EG,2021-02-03 05:50:15,26.5622,31.745,55.4,33,0,4.61
131,Saldanha,ZA,2021-02-03 05:40:49,-33.0117,17.9442,60.8,88,0,6.91
132,Khasan,RU,2021-02-03 05:50:15,42.4308,130.6434,18.45,77,3,16.91
133,Amapa,BR,2021-02-03 05:50:16,1.0,-52.0,70.88,98,97,1.52
134,Balkanabat,TM,2021-02-03 05:50:16,39.5108,54.3671,54.66,39,82,0.96
135,Khash,IR,2021-02-03 05:50:16,28.2211,61.2158,54.21,33,0,2.55
136,Lompoc,US,2021-02-03 05:40:37,34.6391,-120.4579,53.6,94,90,3.44
137,Sao Joao Da Barra,BR,2021-02-03 05:50:16,-21.6403,-41.0511,75.94,87,72,14.09
138,Akdepe,TM,2021-02-03 05:50:16,42.0551,59.3788,39.2,75,0,9.22
139,Carnarvon,AU,2021-02-03 05:50:16,-24.8667,113.6333,82.4,100,90,23.02
140,Cape Town,ZA,2021-02-03 05:48:02,-33.9258,18.4232,69.01,82,0,16.11
141,Videbaek,DK,2021-02-03 05:50:17,56.0876,8.6285,28.99,86,75,11.5
142,Palimbang,PH,2021-02-03 05:50:17,6.2106,124.1894,85.03,68,96,4.83
143,Asau,RO,2021-02-03 05:50:17,46.4333,26.4,37.99,70,32,6.2
144,Rocha,UY,2021-02-03 05:38:26,-34.4833,-54.3333,67.42,96,93,2.57
145,Bonthe,SL,2021-02-03 05:41:30,7.5264,-12.505,76.53,90,28,3.29
146,Firminy,FR,2021-02-03 05:47:43,45.3873,4.2907,53.6,71,0,10.36
147,Fukue,JP,2021-02-03 05:50:17,32.6881,128.8419,44.6,57,40,11.5
148,Sangar,RU,2021-02-03 05:50:17,63.9242,127.4739,-40.29,79,100,8.46
149,Fairbanks,US,2021-02-03 05:47:09,64.8378,-147.7164,-18.4,76,1,3.44
150,Teguise,ES,2021-02-03 05:50:18,29.0605,-13.564,60.8,82,90,3.44
151,Port-Gentil,GA,2021-02-03 05:39:08,-0.7193,8.7815,80.6,89,75,4.61
152,Surman,LY,2021-02-03 05:50:18,32.7567,12.5716,56.8,79,0,3.85
153,Zhaoyuan,CN,2021-02-03 05:50:18,37.3592,120.3964,50.0,69,20,17.94
154,Torbay,CA,2021-02-03 05:40:31,47.6666,-52.7314,30.0,86,90,23.02
155,Yulara,AU,2021-02-03 05:40:58,-25.2406,130.9889,98.6,14,33,4.61
156,Comodoro Rivadavia,AR,2021-02-03 05:50:19,-45.8667,-67.5,71.6,56,0,8.05
157,Te Anau,NZ,2021-02-03 05:50:19,-45.4167,167.7167,67.3,61,11,5.91
158,Faanui,PF,2021-02-03 05:41:21,-16.4833,-151.75,81.52,76,0,16.26
159,Suez,EG,2021-02-03 05:50:19,29.9737,32.5263,64.99,83,0,13.13
160,Eureka,US,2021-02-03 05:47:25,40.8021,-124.1637,44.01,89,28,4.0
161,Dubbo,AU,2021-02-03 05:50:19,-32.25,148.6167,84.2,37,40,5.75
162,Presidencia Roque Saenz Pena,AR,2021-02-03 05:50:19,-26.7852,-60.4388,72.0,99,94,1.99
163,Khani,GE,2021-02-03 05:50:19,41.9563,42.9566,44.6,61,0,4.61
164,Neyshabur,IR,2021-02-03 05:50:20,36.2133,58.7958,45.84,49,0,2.01
165,Valentin Gomez Farias,MX,2021-02-03 05:50:20,28.2167,-106.5833,55.0,46,93,3.0
166,Faya,SA,2021-02-03 05:50:20,18.3851,42.4509,59.0,29,0,0.31
167,Santa Lucia,ES,2021-02-03 05:50:20,27.9117,-15.5407,62.01,82,75,11.5
168,Norman Wells,CA,2021-02-03 05:40:24,65.282,-126.8329,-18.4,69,90,8.05
169,Fez,MA,2021-02-03 05:46:20,34.0372,-4.9998,48.2,76,0,9.22
170,Anori,BR,2021-02-03 05:50:20,-3.7728,-61.6442,74.12,97,99,1.36
171,Skjervoy,NO,2021-02-03 05:50:20,70.0311,20.9714,6.8,85,75,5.75
172,Pacifica,US,2021-02-03 05:45:55,37.6138,-122.4869,52.0,82,20,6.44
173,Hobart,AU,2021-02-03 05:47:17,-42.8794,147.3294,68.0,45,20,12.66
174,Bambous Virieux,MU,2021-02-03 05:40:48,-20.3428,57.7575,86.0,70,75,11.5
175,Hofn,IS,2021-02-03 05:50:21,64.2539,-15.2082,30.56,96,100,14.58
176,Khanu Woralaksaburi,TH,2021-02-03 05:50:21,16.0617,99.8606,95.0,31,4,9.08
177,Yerbogachen,RU,2021-02-03 05:50:21,61.2767,108.0108,-22.23,85,19,5.23
178,Bacalar,MX,2021-02-03 05:50:21,18.6667,-88.3833,59.11,80,3,3.04
179,Hami,CN,2021-02-03 05:50:22,42.8,93.45,36.39,61,57,2.1
180,Altamira,BR,2021-02-03 05:47:47,-3.2033,-52.2064,77.0,94,0,1.95
181,Nikolskoye,RU,2021-02-03 05:40:41,59.7035,30.7861,21.2,93,90,13.42
182,Crossville,US,2021-02-03 05:50:22,35.949,-85.0269,28.99,68,90,10.36
183,Mandan,US,2021-02-03 05:50:22,46.8267,-100.8896,26.6,100,90,13.8
184,Deputatskiy,RU,2021-02-03 05:41:28,69.3,139.9,-26.21,88,100,2.21
185,Cayenne,GF,2021-02-03 05:36:59,4.9333,-52.3333,78.8,94,75,5.75
186,Aljezur,PT,2021-02-03 05:50:22,37.3191,-8.8033,57.0,100,90,5.01
187,Pafos,CY,2021-02-03 05:47:51,34.7667,32.4167,57.2,62,20,5.75
188,Yar-Sale,RU,2021-02-03 05:50:23,66.8333,70.8333,7.0,95,93,2.42
189,Dauphin,CA,2021-02-03 05:50:23,51.1494,-100.0502,30.2,80,90,10.36
190,Saint Anthony,US,2021-02-03 05:50:23,45.0205,-93.218,19.99,79,1,3.44
191,Darhan,MN,2021-02-03 05:50:23,49.4867,105.9228,7.93,88,52,8.12
192,Sitka,US,2021-02-03 05:49:03,57.0531,-135.33,30.2,86,20,5.66
193,Inverell,AU,2021-02-03 05:50:23,-29.7833,151.1167,86.0,36,32,1.01
194,Hilo,US,2021-02-03 05:50:24,19.7297,-155.09,73.4,73,1,4.61
195,Namibe,AO,2021-02-03 05:36:20,-15.1961,12.1522,71.35,76,85,6.78
196,Port Lincoln,AU,2021-02-03 05:40:27,-34.7333,135.8667,70.52,57,97,10.18
197,Altay,CN,2021-02-03 05:40:53,47.8667,88.1167,21.16,86,77,1.88
198,Callaway,US,2021-02-03 05:50:24,30.153,-85.5699,44.6,49,1,11.5
199,Geraldton,AU,2021-02-03 05:40:25,-28.7667,114.6,84.2,61,40,24.16
200,Pedasi,PA,2021-02-03 05:50:24,7.5333,-80.0333,78.13,80,21,22.55
201,Chaplynka,UA,2021-02-03 05:50:24,46.3651,33.5403,45.19,86,93,3.89
202,Bulungu,CD,2021-02-03 05:50:25,-4.55,18.6,72.01,94,96,3.2
203,East London,ZA,2021-02-03 05:49:21,-33.0153,27.9116,75.2,73,0,4.61
204,Bitung,ID,2021-02-03 05:50:25,1.4451,125.1824,86.0,62,40,5.75
205,Mildura,AU,2021-02-03 05:41:24,-34.2,142.15,82.99,28,0,5.75
206,Sinnamary,GF,2021-02-03 05:41:15,5.3833,-52.95,76.64,89,51,10.94
207,Airai,TL,2021-02-03 05:50:25,-8.9266,125.4092,67.51,99,86,5.03
208,Maniitsoq,GL,2021-02-03 05:40:40,65.4167,-52.9,-1.34,75,0,7.63
209,Kaeo,NZ,2021-02-03 05:50:25,-35.1,173.7833,69.24,64,21,5.41
210,Notodden,NO,2021-02-03 05:50:26,59.5594,9.2585,19.99,66,83,3.0
211,Fortuna,US,2021-02-03 05:50:26,40.5982,-124.1573,44.01,100,90,8.05
212,Mayumba,GA,2021-02-03 05:50:26,-3.432,10.6554,78.87,83,98,4.05
213,Likasi,CD,2021-02-03 05:50:26,-10.9814,26.7333,63.46,96,100,0.96
214,Saskylakh,RU,2021-02-03 05:40:28,71.9167,114.0833,-3.5,90,100,12.55
215,Vao,NC,2021-02-03 05:41:15,-22.6667,167.4833,76.5,83,73,40.67
216,West Wendover,US,2021-02-03 05:46:34,40.7391,-114.0733,30.2,80,1,3.56
217,Codrington,AU,2021-02-03 05:41:00,-38.2667,141.9667,64.47,68,7,13.6
218,Nantucket,US,2021-02-03 05:38:57,41.2835,-70.0995,35.6,93,90,17.27
219,Bandarbeyla,SO,2021-02-03 05:40:42,9.4942,50.8122,75.6,57,81,18.75
220,Limbang,MY,2021-02-03 05:50:27,4.75,115.0,84.0,78,75,10.36
221,Progreso,MX,2021-02-03 05:50:27,21.2833,-89.6667,60.8,72,1,4.12
222,Port Hardy,CA,2021-02-03 05:50:17,50.6996,-127.4199,42.8,87,40,11.5
223,Udachnyy,RU,2021-02-03 05:41:25,66.4167,112.4,-22.58,84,100,16.4
224,Talcahuano,CL,2021-02-03 05:50:15,-36.7167,-73.1167,55.4,100,90,8.05
225,Murree,PK,2021-02-03 05:50:27,33.9073,73.393,61.0,51,98,1.99
226,Byron Bay,AU,2021-02-03 05:46:29,-28.65,153.6167,78.8,57,40,14.97
227,Krasnokamensk,RU,2021-02-03 05:50:28,50.0979,118.0369,-13.04,81,0,5.97
228,Sabang,ID,2021-02-03 05:50:28,5.8933,95.3214,82.0,79,21,16.84
229,Avarua,CK,2021-02-03 05:40:44,-21.2078,-159.775,80.6,78,1,11.5
230,Meulaboh,ID,2021-02-03 05:50:28,4.1363,96.1285,84.51,70,80,5.79
231,Vuktyl,RU,2021-02-03 05:40:43,63.8567,57.3094,14.72,96,100,9.1
232,Alugan,PH,2021-02-03 05:41:13,12.2188,125.4808,82.62,72,97,14.88
233,Kavaratti,IN,2021-02-03 05:40:39,10.5669,72.642,81.7,71,4,9.95
234,Iranshahr,IR,2021-02-03 05:50:29,27.2025,60.6848,60.8,16,0,4.61
235,Jinchang,CN,2021-02-03 05:50:29,38.4953,102.1739,36.19,48,16,3.38
236,Harper,LR,2021-02-03 05:40:54,4.375,-7.7169,77.5,89,22,5.5
237,San Patricio,US,2021-02-03 05:41:23,28.017,-97.5169,55.4,76,1,6.91
238,Shingu,JP,2021-02-03 05:41:20,33.7333,135.9833,46.4,42,20,17.27
239,Kavieng,PG,2021-02-03 05:50:29,-2.5744,150.7967,84.67,69,39,9.44
240,Nome,US,2021-02-03 05:50:29,64.5011,-165.4064,10.4,56,90,13.8
241,Khatanga,RU,2021-02-03 05:50:29,71.9667,102.5,-11.81,90,100,1.77
242,Nobres,BR,2021-02-03 05:50:29,-14.7203,-56.3275,76.42,76,97,2.33
243,Kenai,US,2021-02-03 05:50:30,60.5544,-151.2583,12.0,85,90,10.36
244,Najran,SA,2021-02-03 05:50:30,17.4924,44.1277,55.4,38,0,1.83
245,Itaberaba,BR,2021-02-03 05:50:30,-12.5275,-40.3069,72.01,91,65,2.37
246,Noumea,NC,2021-02-03 05:50:01,-22.2763,166.4572,78.01,99,100,10.85
247,Berlevag,NO,2021-02-03 05:40:36,70.8578,29.0864,24.8,68,40,23.02
248,Birin,NP,2021-02-03 05:50:30,26.8865,88.0718,61.81,39,11,6.4
249,Mumford,GH,2021-02-03 05:50:30,5.2618,-0.759,78.04,88,0,7.56
250,Itau De Minas,BR,2021-02-03 05:50:31,-20.7394,-46.7522,66.9,91,100,2.15
251,Port Pirie,AU,2021-02-03 05:41:13,-33.1833,138.0167,82.4,26,44,11.5
252,Beringovskiy,RU,2021-02-03 05:40:51,63.05,179.3167,9.34,95,100,7.78
253,Soure,BR,2021-02-03 05:50:31,-0.7167,-48.5233,79.0,85,69,9.44
254,Mount Gambier,AU,2021-02-03 05:40:38,-37.8333,140.7667,78.8,38,30,10.36
255,Richmond,US,2021-02-03 05:49:18,37.5538,-77.4603,37.4,48,90,13.8
256,Singarayakonda,IN,2021-02-03 05:50:31,15.25,80.0333,82.36,49,0,11.12
257,Olinda,BR,2021-02-03 05:50:31,-8.0089,-34.8553,78.8,69,40,8.05
258,Mandalgovi,MN,2021-02-03 05:50:31,45.7625,106.2708,17.56,80,0,14.43
259,Aquiraz,BR,2021-02-03 05:50:32,-3.9014,-38.3911,80.6,78,40,11.5
260,Sao Felix Do Xingu,BR,2021-02-03 05:50:23,-6.6447,-51.995,70.63,96,63,0.63
261,Kanye,BW,2021-02-03 05:50:32,-24.9667,25.3327,59.79,97,100,15.12
262,Samfya,ZM,2021-02-03 05:50:32,-11.3649,29.5565,69.37,86,40,1.59
263,Yellowknife,CA,2021-02-03 05:50:32,62.456,-114.3525,-14.8,70,90,8.05
264,Belaya Gora,RU,2021-02-03 05:50:32,68.5333,146.4167,-21.71,87,58,1.66
265,Berdigestyakh,RU,2021-02-03 05:50:32,62.0989,126.6992,-34.4,80,100,5.32
266,Adrar,MR,2021-02-03 05:41:01,20.5022,-10.0711,64.18,28,43,6.78
267,Ponta Pora,BR,2021-02-03 05:50:33,-22.5361,-55.7256,69.84,94,92,6.46
268,Oktyabrskiy,RU,2021-02-03 05:50:33,54.4815,53.471,12.6,96,42,2.77
269,Praia Da Vitoria,PT,2021-02-03 05:40:43,38.7333,-27.0667,54.0,82,75,29.33
270,Talnakh,RU,2021-02-03 05:50:11,69.4865,88.3972,-13.97,87,97,0.2
271,Sault Sainte Marie,CA,2021-02-03 05:49:28,46.5168,-84.3333,17.6,53,1,4.61
272,Nishihara,JP,2021-02-03 05:50:33,26.1842,127.7558,71.6,36,40,8.05
273,Anahuac,MX,2021-02-03 05:50:33,27.2333,-100.15,60.13,54,53,14.0
274,Iqaluit,CA,2021-02-03 05:50:33,63.7506,-68.5145,-14.01,70,90,3.44
275,Howard,US,2021-02-03 05:50:34,39.2504,-76.933,30.0,88,100,1.01
276,Aklavik,CA,2021-02-03 05:50:34,68.2191,-135.0107,-36.4,74,100,5.61
277,Rio Grande,BR,2021-02-03 05:45:55,-32.035,-52.0986,71.01,98,86,5.59
278,Batemans Bay,AU,2021-02-03 05:48:17,-35.7167,150.1833,71.01,70,52,4.0
279,Kasongo-Lunda,CD,2021-02-03 05:50:34,-6.4667,16.8167,72.14,85,99,0.18
280,Havre-Saint-Pierre,CA,2021-02-03 05:40:50,50.2334,-63.5986,24.8,93,90,26.46
281,Paamiut,GL,2021-02-03 05:41:25,61.994,-49.6678,5.72,78,0,12.08
282,Chengdu,CN,2021-02-03 05:47:40,30.6667,104.0667,61.0,55,67,4.47
283,Sartell,US,2021-02-03 05:50:34,45.6216,-94.2069,18.0,93,1,10.36
284,Dali,CN,2021-02-03 05:50:35,25.7,100.1833,61.7,30,22,5.21
285,Mahon,ES,2021-02-03 05:50:28,39.8885,4.2658,53.6,94,75,12.66
286,Ilhabela,BR,2021-02-03 05:49:53,-23.7781,-45.3581,75.96,82,57,2.48
287,Tabou,CI,2021-02-03 05:41:26,4.423,-7.3528,76.95,91,6,4.99
288,Neiafu,TO,2021-02-03 05:50:35,-18.65,-173.9833,84.2,84,75,9.22
289,La Puebla Del Rio,ES,2021-02-03 05:50:35,37.2679,-6.0626,57.99,79,98,1.54
290,Talaya,RU,2021-02-03 05:50:35,61.3833,152.75,-25.46,82,100,8.25
291,Grand Gaube,MU,2021-02-03 05:50:36,-20.0064,57.6608,86.0,66,3,8.99
292,Saravan,AM,2021-02-03 05:50:36,39.7196,45.6483,30.2,93,40,4.61
293,Puerto Ayora,EC,2021-02-03 05:40:38,-0.7393,-90.3518,77.0,94,77,3.0
294,Komsomolskiy,UZ,2021-02-03 05:41:01,40.4272,71.7189,46.4,57,0,2.3
295,Yaan,NG,2021-02-03 05:50:36,7.3833,8.5667,73.8,93,0,4.52
296,Vostok,RU,2021-02-03 05:50:36,46.4856,135.8833,-16.37,86,100,11.36
297,Acari,PE,2021-02-03 05:50:36,-15.4311,-74.6158,71.76,63,90,3.06
298,Bengkulu,ID,2021-02-03 05:50:36,-3.8004,102.2655,86.58,62,89,9.64
299,Saint-Pierre,RE,2021-02-03 05:41:03,-21.3393,55.4781,87.8,58,40,3.44
300,Pontecorvo,IT,2021-02-03 05:50:37,41.4616,13.6667,46.0,85,14,4.0
301,Ambikapur,IN,2021-02-03 05:50:37,23.1167,83.2,76.91,18,0,5.39
302,Constitucion,CL,2021-02-03 05:50:37,-35.3333,-72.4167,57.65,83,1,0.54
303,Karpogory,RU,2021-02-03 05:50:37,64.0019,44.4451,3.79,94,100,7.87
304,Mehamn,NO,2021-02-03 05:40:53,71.0357,27.8492,24.8,68,40,23.02
305,Lagoa,PT,2021-02-03 05:50:37,39.05,-27.9833,55.15,69,40,33.53
306,Karratha,AU,2021-02-03 05:41:00,-20.7377,116.8463,85.32,75,39,22.26
307,Vila Velha,BR,2021-02-03 05:48:23,-20.3297,-40.2925,77.0,83,40,4.61
308,Hearst,CA,2021-02-03 05:50:38,49.6835,-83.6665,-11.2,84,2,2.3
309,Yako,BF,2021-02-03 05:50:38,12.9667,-2.2667,65.39,20,0,8.25
310,Ambilobe,MG,2021-02-03 05:50:38,-13.2,49.05,86.09,71,74,0.27
311,Victoria,HK,2021-02-03 05:45:52,22.2855,114.1577,75.99,35,20,11.5
312,Santiago Del Estero,AR,2021-02-03 05:47:38,-27.7951,-64.2615,64.2,90,100,8.79
313,Yantal,RU,2021-02-03 05:50:39,56.8471,105.2542,0.95,90,100,7.83
314,Rockland,US,2021-02-03 05:50:39,41.1668,-74.0496,28.99,85,91,6.51
315,Phek,IN,2021-02-03 05:50:39,25.6667,94.5,66.81,33,1,0.81
316,Kalmunai,LK,2021-02-03 05:50:39,7.4167,81.8167,80.67,80,99,17.6
317,Hoquiam,US,2021-02-03 05:50:39,46.9809,-123.8893,41.0,87,90,12.66
318,Touros,BR,2021-02-03 05:40:45,-5.1989,-35.4608,75.2,88,20,3.44
319,Aranos,NA,2021-02-03 05:50:40,-24.1333,19.1167,69.85,65,24,8.12
320,Billings,US,2021-02-03 05:50:40,45.7833,-108.5007,42.8,36,20,8.05
321,Winnemucca,US,2021-02-03 05:50:06,40.973,-117.7357,41.0,65,90,13.8
322,Libreville,GA,2021-02-03 05:50:40,0.3925,9.4537,78.8,94,40,3.44
323,Luwuk,ID,2021-02-03 05:50:40,-0.9516,122.7875,86.47,67,87,3.83
324,Ust-Kuyga,RU,2021-02-03 05:41:07,70.0167,135.6,-35.28,79,92,6.78
325,Lebu,CL,2021-02-03 05:50:40,-37.6167,-73.65,56.62,86,0,9.22
326,Mogadishu,SO,2021-02-03 05:50:40,2.0371,45.3438,77.0,65,20,13.8
327,Askarovo,RU,2021-02-03 05:50:40,53.3372,58.5089,30.2,93,90,4.47
328,Christchurch,NZ,2021-02-03 05:50:30,-43.5333,172.6333,69.8,64,28,10.36
329,Raga,SS,2021-02-03 05:50:41,8.4596,25.678,76.77,32,0,2.08
330,Zyryanovsk,KZ,2021-02-03 05:50:41,49.7386,84.2719,21.9,96,100,0.85
331,Lorengau,PG,2021-02-03 05:50:41,-2.0226,147.2712,82.72,78,90,9.55
332,Bereda,ES,2021-02-03 05:50:41,43.2686,-7.5406,46.99,91,52,13.0
333,Astara,AZ,2021-02-03 05:50:41,38.5,48.6667,33.8,93,0,6.91
334,Port Hawkesbury,CA,2021-02-03 05:50:41,45.6169,-61.3485,43.0,100,90,19.57
335,Thinadhoo,MV,2021-02-03 05:40:46,0.5333,72.9333,83.26,67,39,5.48
336,Port Moresby,PG,2021-02-03 05:50:42,-9.4431,147.1797,87.8,66,40,17.27
337,Katakwi,UG,2021-02-03 05:50:42,1.8911,33.9661,77.97,36,0,1.68
338,Russellville,US,2021-02-03 05:50:42,35.2784,-93.1338,34.0,86,1,2.93
339,Taltal,CL,2021-02-03 05:50:42,-25.4,-70.4833,63.57,77,6,4.23
340,Edd,ER,2021-02-03 05:50:42,13.9297,41.6925,82.69,36,0,8.46
341,Jiuquan,CN,2021-02-03 05:50:42,39.7432,98.5174,32.61,60,71,3.02
342,Houma,US,2021-02-03 05:50:42,29.5958,-90.7195,46.0,65,1,3.44
343,Tiznit,MA,2021-02-03 05:50:43,29.5833,-9.5,62.94,39,99,2.57
344,Turayf,SA,2021-02-03 05:50:43,31.6725,38.6637,48.2,71,0,18.41
345,Phan Thiet,VN,2021-02-03 05:38:06,10.9333,108.1,84.78,52,34,15.39
346,Saint-Francois,FR,2021-02-03 05:50:43,46.4154,3.9054,53.6,87,0,8.05
347,Tautira,PF,2021-02-03 05:50:43,-17.7333,-149.15,84.2,74,20,4.61
348,Kanniyakumari,IN,2021-02-03 05:49:14,8.0833,77.5667,81.37,65,21,24.47
349,Buchanan,LR,2021-02-03 05:41:09,5.8808,-10.0467,77.0,94,75,4.38
350,Jackson,US,2021-02-03 05:47:21,42.4165,-122.8345,44.6,49,75,5.75
351,Lodwar,KE,2021-02-03 05:50:44,3.1191,35.5973,87.46,30,0,19.24
352,Batagay,RU,2021-02-03 05:50:44,67.6333,134.6333,-43.58,75,54,3.18
353,Lillooet,CA,2021-02-03 05:50:44,50.6856,-121.942,32.0,100,75,2.15
354,Alice Springs,AU,2021-02-03 05:40:40,-23.7,133.8833,95.0,11,43,10.36
355,Husavik,IS,2021-02-03 05:41:03,66.0449,-17.3389,8.6,78,0,3.44
356,Roald,NO,2021-02-03 05:50:44,62.5833,6.1333,23.0,80,0,11.5
357,Ponta Do Sol,PT,2021-02-03 05:40:58,32.6667,-17.1,59.0,79,43,1.99
358,Brae,GB,2021-02-03 05:50:45,60.3964,-1.353,37.4,65,75,17.27
359,Davydivka,UA,2021-02-03 05:50:45,48.121,25.5646,34.0,100,90,6.06
360,Dryden,CA,2021-02-03 05:50:45,49.7833,-92.7503,23.0,86,90,13.8
361,Abu Kamal,SY,2021-02-03 05:50:45,34.4506,40.9171,54.84,50,74,4.68
362,Krasnyy Kholm,RU,2021-02-03 05:50:45,58.0607,37.1203,15.66,96,100,11.23
363,Sur,OM,2021-02-03 05:50:45,22.5667,59.5289,73.72,56,58,5.57
364,Venado Tuerto,AR,2021-02-03 05:50:29,-33.7456,-61.9688,61.0,99,40,1.99
365,Yarada,IN,2021-02-03 05:50:46,17.65,83.2667,82.4,39,20,3.44
366,Saint George,US,2021-02-03 05:50:46,37.1041,-113.5841,53.6,66,75,3.44
367,Chalette-Sur-Loing,FR,2021-02-03 05:50:46,48.0134,2.7359,54.0,98,100,4.0
368,Kolosovka,RU,2021-02-03 05:50:46,56.4678,73.611,30.99,99,100,13.69
369,Yeppoon,AU,2021-02-03 05:50:46,-23.1333,150.7333,87.8,48,40,12.66
370,Drayton Valley,CA,2021-02-03 05:50:47,53.2168,-114.9854,0.0,74,85,5.01
371,Dawei,MM,2021-02-03 05:50:47,14.0833,98.2,92.86,37,0,8.05
372,Ratnapura,LK,2021-02-03 05:50:47,6.6828,80.3992,90.25,50,57,2.62
373,Pindi Gheb,PK,2021-02-03 05:50:47,33.2402,72.2661,63.73,37,100,10.85
374,Umea,SE,2021-02-03 05:50:47,63.8284,20.2597,10.4,85,90,13.8
375,Putai,FR,2021-02-03 05:50:47,46.6579,1.9863,55.4,88,0,16.11
376,French Harbor,HN,2021-02-03 05:50:48,16.35,-86.4333,71.6,73,75,4.61
377,Canutama,BR,2021-02-03 05:50:48,-6.5339,-64.3831,74.05,98,99,1.63
378,Vikhorevka,RU,2021-02-03 05:50:48,56.1201,101.1636,-4.0,77,75,4.47
379,Portland,US,2021-02-03 05:47:26,45.5234,-122.6762,43.0,81,90,9.22
380,West Bay,KY,2021-02-03 05:50:48,19.3667,-81.4167,72.0,53,52,5.01
381,Mbabane,SZ,2021-02-03 05:50:48,-26.3167,31.1333,66.2,94,100,1.14
382,Flinders,AU,2021-02-03 05:50:48,-34.5833,150.8552,73.99,49,20,11.5
383,Guerrero Negro,MX,2021-02-03 05:50:48,27.9769,-114.0611,64.0,61,99,8.05
384,Rudbar,AF,2021-02-03 05:50:49,30.15,62.6,57.36,35,0,12.46
385,Santa Luzia,BR,2021-02-03 05:50:49,-19.7697,-43.8514,71.6,68,0,2.3
386,Baykit,RU,2021-02-03 05:50:49,61.67,96.37,-6.11,85,93,2.37
387,Bilibino,RU,2021-02-03 05:50:49,68.0546,166.4372,2.89,87,87,5.77
388,Ponta Delgada,PT,2021-02-03 05:50:49,37.7333,-25.6667,55.4,76,40,24.16
389,Grodzisk Mazowiecki,PL,2021-02-03 05:50:50,52.1039,20.6337,37.0,99,100,7.58
390,Scarborough,GB,2021-02-03 05:50:50,54.2797,-0.4044,42.01,96,100,5.99
391,Cotonou,BJ,2021-02-03 05:50:50,6.3654,2.4183,82.4,89,20,9.22
392,Ust-Kut,RU,2021-02-03 05:50:50,56.7938,105.7672,-2.76,89,100,5.68
393,Tomatlan,MX,2021-02-03 05:50:50,19.9333,-105.25,67.19,92,83,1.59
394,Poronaysk,RU,2021-02-03 05:50:50,49.2167,143.1167,-11.13,82,51,1.83
395,Corn Island,NI,2021-02-03 05:50:50,12.1694,-83.0418,77.95,73,58,31.27
396,Artyshta,RU,2021-02-03 05:50:51,54.1222,86.2909,21.72,96,100,17.67
397,Rafsanjan,IR,2021-02-03 05:50:51,30.4067,55.9939,54.03,32,0,3.94
398,Goksun,TR,2021-02-03 05:50:51,38.021,36.4973,37.4,100,75,3.44
399,Fort Nelson,CA,2021-02-03 05:50:06,58.8053,-122.7002,-9.4,70,75,6.91
400,Kudahuvadhoo,MV,2021-02-03 05:50:51,2.6708,72.8944,82.69,73,80,10.74
401,Pryazha,RU,2021-02-03 05:50:51,61.6926,33.6216,3.2,92,75,2.24
402,Maumere,ID,2021-02-03 05:50:52,-8.6199,122.2111,82.44,78,97,12.88
403,Caraballeda,VE,2021-02-03 05:50:52,10.6112,-66.8522,66.99,82,1,1.01
404,Czechowice-Dziedzice,PL,2021-02-03 05:50:52,49.9134,19.0048,36.0,3,98,17.0
405,Malakal,SS,2021-02-03 05:50:52,9.5334,31.6605,83.57,17,1,6.51
406,Dolores,AR,2021-02-03 05:50:52,-36.3132,-57.6792,60.39,97,36,6.64
407,Karachi,PK,2021-02-03 05:50:52,24.9056,67.0822,71.6,73,0,2.17
408,Grande Prairie,CA,2021-02-03 05:49:04,55.1667,-118.8027,-5.8,71,90,10.36
409,Jishou,CN,2021-02-03 05:50:53,28.3167,109.7167,55.9,63,61,1.83
410,Hay River,CA,2021-02-03 05:50:53,60.8156,-115.7999,-13.0,77,100,8.05
411,Delaware,US,2021-02-03 05:50:53,39.0004,-75.4999,30.99,74,90,14.97
412,Miles City,US,2021-02-03 05:50:53,46.4083,-105.8406,37.4,60,1,11.5
413,Alness,GB,2021-02-03 05:50:53,57.696,-4.2551,37.99,75,20,11.5
414,Jaisinghnagar,IN,2021-02-03 05:50:53,23.7,81.3833,82.85,15,23,2.33
415,Noyabrsk,RU,2021-02-03 05:50:53,63.1994,75.4507,6.35,95,98,9.04
416,Isla Mujeres,MX,2021-02-03 05:49:41,21.2311,-86.731,69.01,88,1,3.44
417,Makakilo City,US,2021-02-03 05:46:33,21.3469,-158.0858,75.2,73,75,12.66
418,Pingliang,CN,2021-02-03 05:50:54,35.5392,106.6861,43.0,73,80,1.01
419,Demba,CD,2021-02-03 05:50:54,-5.51,22.2667,72.16,83,100,1.9
420,Camopi,GF,2021-02-03 05:50:54,3.1655,-52.3158,71.28,98,56,1.99
421,Hyeres,FR,2021-02-03 05:50:54,43.1167,6.1167,52.0,93,90,4.61
422,Tilichiki,RU,2021-02-03 05:50:54,60.4667,166.1,22.78,97,98,12.26
423,Russell,US,2021-02-03 05:50:54,32.3502,-85.1999,37.4,55,1,5.75
424,Eunice,US,2021-02-03 05:50:55,30.4944,-92.4176,46.0,87,1,4.41
425,Epiniana,GR,2021-02-03 05:50:55,39.1429,21.6134,38.88,85,0,0.69
426,Pangody,RU,2021-02-03 05:50:55,65.85,74.4859,3.04,95,79,2.42
427,Conde,BR,2021-02-03 05:50:55,-7.2597,-34.9075,78.8,83,20,5.75
428,Port Augusta,AU,2021-02-03 05:50:39,-32.5,137.7667,87.01,26,67,11.5
429,Guaratuba,BR,2021-02-03 05:50:55,-25.8828,-48.5747,75.0,94,98,2.93
430,Mahajanga,MG,2021-02-03 05:50:55,-15.7167,46.3167,84.2,74,20,5.75
431,Tiarei,PF,2021-02-03 05:50:56,-17.5333,-149.3333,84.2,74,20,4.61
432,Ginir,ET,2021-02-03 05:50:56,7.1333,40.7,66.36,22,34,10.56
433,Kangaatsiaq,GL,2021-02-03 05:50:56,68.3065,-53.4641,-3.87,93,29,14.34
434,Hualmay,PE,2021-02-03 05:50:56,-11.0964,-77.6139,68.86,79,86,5.3
435,Alofi,NU,2021-02-03 05:50:56,-19.0595,-169.9187,80.6,89,100,8.05
436,Vasto,IT,2021-02-03 05:50:56,42.1243,14.7059,48.99,77,12,1.01
437,Suntar,RU,2021-02-03 05:50:56,62.1444,117.6319,-24.95,83,100,10.47
438,Lake Havasu City,US,2021-02-03 05:50:28,34.4839,-114.3224,64.0,51,1,4.61
439,Saintes,FR,2021-02-03 05:50:57,45.6667,-0.75,55.4,82,90,14.97
440,Mbulu,TZ,2021-02-03 05:50:57,-3.85,35.5333,65.32,76,26,8.99
441,Krasnoshchekovo,RU,2021-02-03 05:50:57,51.6708,82.7289,30.72,92,100,24.61
442,Tutoia,BR,2021-02-03 05:50:57,-2.7619,-42.2744,78.08,81,14,12.37
443,Baleshwar,IN,2021-02-03 05:50:57,21.4942,86.9317,79.32,21,0,6.04
444,Matagami,CA,2021-02-03 05:47:29,49.7502,-77.6328,12.2,100,90,9.22
445,Sakakah,SA,2021-02-03 05:50:58,29.9697,40.2064,51.8,46,40,3.44
446,Calama,CL,2021-02-03 05:50:58,-22.4667,-68.9333,51.8,28,0,9.22
447,Malangwa,NP,2021-02-03 05:50:58,26.8568,85.5581,74.8,31,41,5.55
448,Porto Novo,BJ,2021-02-03 05:50:58,6.4965,2.6036,82.4,89,20,9.22
449,Yanam,IN,2021-02-03 05:50:58,16.7333,82.2167,80.6,74,0,4.61
450,Tessalit,ML,2021-02-03 05:50:58,20.1986,1.0114,63.1,24,40,12.35
451,Myitkyina,MM,2021-02-03 05:50:58,25.3833,97.4,83.44,24,0,2.37
452,Mahebourg,MU,2021-02-03 05:50:24,-20.4081,57.7,84.2,70,75,11.5
453,Los Llanos De Aridane,ES,2021-02-03 05:50:59,28.6585,-17.9182,62.6,72,90,6.91
454,Tiruchchendur,IN,2021-02-03 05:50:59,8.4833,78.1167,87.8,58,20,9.22
455,Rosario,AR,2021-02-03 05:49:20,-32.9468,-60.6393,68.0,94,0,4.61
456,Ust-Tsilma,RU,2021-02-03 05:50:59,65.441,52.1498,9.41,94,100,8.16
457,Seymchan,RU,2021-02-03 05:50:59,62.8833,152.4333,-19.89,86,100,3.74
458,Ahipara,NZ,2021-02-03 05:50:59,-35.1667,173.1667,68.99,64,12,6.31
459,Aykhal,RU,2021-02-03 05:50:59,66.0,111.5,-22.25,83,100,10.4
460,Monte Azul,BR,2021-02-03 05:51:00,-15.155,-42.8747,70.09,82,100,4.59
461,Monterey,US,2021-02-03 05:51:00,36.2505,-121.2516,37.99,94,27,3.62
462,Letterkenny,IE,2021-02-03 05:51:00,54.95,-7.7333,41.36,94,100,4.85
463,Rimouski,CA,2021-02-03 05:50:27,48.4488,-68.524,28.4,86,100,47.18
464,Mount Isa,AU,2021-02-03 05:51:00,-20.7333,139.5,104.0,20,40,17.27
465,Ternate,ID,2021-02-03 05:51:00,0.8,127.4,82.81,75,3,10.8
466,Lufilufi,WS,2021-02-03 05:51:01,-13.8745,-171.5986,84.2,89,75,9.22
467,Cartagena,CO,2021-02-03 05:51:01,10.3997,-75.5144,77.0,94,40,8.05
468,Farafangana,MG,2021-02-03 05:49:17,-22.8167,47.8333,83.44,60,19,5.48
469,Takestan,IR,2021-02-03 05:51:01,36.0696,49.6959,41.0,65,0,1.39
470,Tevaitoa,PF,2021-02-03 05:51:01,-16.7833,-151.5,81.43,74,1,15.39
471,Kuusamo,FI,2021-02-03 05:51:01,65.9667,29.1833,-0.4,85,0,6.91
472,Surt,LY,2021-02-03 05:51:01,31.2089,16.5887,59.13,74,35,15.84
473,Hirtshals,DK,2021-02-03 05:51:01,57.5881,9.9592,28.99,93,75,4.61
474,Joao Pinheiro,BR,2021-02-03 05:51:02,-17.7425,-46.1725,67.28,87,97,3.33
475,Providencia,MX,2021-02-03 05:51:02,28.7167,-111.5833,62.01,68,82,3.49
476,Filadelfia,US,2021-02-03 05:50:45,39.9523,-75.1638,30.2,69,90,10.36
477,Mizdah,LY,2021-02-03 05:51:02,31.4451,12.9801,49.51,60,0,10.92
478,Araucaria,BR,2021-02-03 05:51:02,-25.5931,-49.4103,66.99,100,75,2.3
479,Turbat,PK,2021-02-03 05:51:02,26.0023,63.044,79.75,15,0,16.06
480,Tungor,RU,2021-02-03 05:51:02,53.3808,142.9564,-21.89,83,100,17.58
481,Shu,KZ,2021-02-03 05:51:03,43.5983,73.7614,27.0,89,88,8.01
482,Katsuura,JP,2021-02-03 05:50:54,35.1333,140.3,50.0,40,20,8.05
483,Santa Fe,AR,2021-02-03 05:51:03,-31.6333,-60.7,68.0,94,86,1.99
484,Oistins,BB,2021-02-03 05:51:03,13.0667,-59.5333,78.8,69,40,19.57
485,Gizo,SB,2021-02-03 05:51:03,-8.103,156.8419,83.34,76,97,14.38
486,Watsa,CD,2021-02-03 05:51:03,3.0372,29.5355,76.8,38,32,1.61
487,Exeter,GB,2021-02-03 05:49:05,50.7236,-3.5275,44.01,94,97,2.13
488,Khipro,PK,2021-02-03 05:51:03,25.8285,69.3772,77.18,23,0,2.75
489,Primalkinskoye,RU,2021-02-03 05:51:04,43.7467,44.0083,39.2,52,49,6.71
490,Bima,ID,2021-02-03 05:51:04,-8.4667,118.7167,82.33,82,100,3.78
491,Droitwich,GB,2021-02-03 05:51:04,52.2667,-2.15,45.0,100,99,6.06
492,Lasa,IT,2021-02-03 05:50:15,46.6166,10.7002,35.01,93,0,2.3
493,Ulaangom,MN,2021-02-03 05:51:04,49.9811,92.0667,-5.39,89,33,2.64
494,Dingle,PH,2021-02-03 05:50:20,10.9995,122.6711,82.17,76,57,14.99
495,Saint-Joseph,RE,2021-02-03 05:51:04,-21.3667,55.6167,87.8,58,40,3.44
496,Sisimiut,GL,2021-02-03 05:51:04,66.9395,-53.6735,-5.31,80,0,13.42
497,Lakes Entrance,AU,2021-02-03 05:51:05,-37.8811,147.981,64.99,69,85,3.0
498,Mayskiy,RU,2021-02-03 05:51:05,47.6931,40.1025,44.6,100,90,6.71
499,Taga,RO,2021-02-03 05:51:05,46.95,24.05,37.4,93,90,2.3
500,Isangel,VU,2021-02-03 05:51:05,-19.55,169.2667,86.0,70,75,13.8
501,Jiwani,PK,2021-02-03 05:51:05,25.05,61.7417,71.24,52,0,5.46
502,Kibala,TD,2021-02-03 05:51:05,9.1104,18.3463,69.8,32,0,4.61
503,Kloulklubed,PW,2021-02-03 05:51:05,7.0419,134.2556,87.8,66,75,10.36
504,Awbari,LY,2021-02-03 05:51:05,26.5921,12.7805,44.53,70,0,3.29
505,Henties Bay,NA,2021-02-03 05:50:40,-22.116,14.2845,66.0,83,72,4.29
506,Tahe,CN,2021-02-03 05:51:06,52.3333,124.7333,-8.63,79,0,11.12
507,Sawtell,AU,2021-02-03 05:51:06,-30.3833,153.1,78.8,61,15,11.5
508,Ayorou,NE,2021-02-03 05:51:06,14.7308,0.9174,64.35,22,0,8.05
509,Manzhouli,CN,2021-02-03 05:48:20,49.6,117.4333,-13.7,82,0,15.43
510,Ouahigouya,BF,2021-02-03 05:51:06,13.5828,-2.4216,66.11,20,0,9.26
511,Kitzingen,DE,2021-02-03 05:51:06,49.7333,10.1667,48.2,100,75,4.61
512,Northam,GB,2021-02-03 05:51:06,51.0333,-4.2167,46.0,94,100,4.0
513,Nordfjordeid,NO,2021-02-03 05:51:06,61.9063,5.9915,19.4,86,40,9.22
514,Yarmouth,US,2021-02-03 05:48:27,41.7057,-70.2286,36.0,93,90,12.66
515,Lazarev,RU,2021-02-03 05:51:07,52.225,141.5131,-19.05,79,92,15.9
516,Inhambane,MZ,2021-02-03 05:51:07,-23.865,35.3833,78.8,94,40,3.94
517,Aswan,EG,2021-02-03 05:50:43,24.0934,32.907,71.06,38,0,4.63
518,Roros,NO,2021-02-03 05:51:07,62.5747,11.3842,-2.2,78,75,3.44
519,Jieshi,CN,2021-02-03 05:51:07,22.8134,115.8257,75.0,46,8,1.01
520,Derzhavinsk,KZ,2021-02-03 05:51:07,51.1,66.3167,28.9,98,100,19.37
521,La Primavera,CO,2021-02-03 05:51:08,5.4906,-70.4092,79.14,55,51,1.92
522,Emerald,AU,2021-02-03 05:50:06,-23.5333,148.1667,95.0,26,75,13.8
523,Dunn,US,2021-02-03 05:51:08,44.95,-91.8835,17.01,92,1,4.63
524,Chandler,US,2021-02-03 05:49:38,33.3062,-111.8412,69.01,55,40,6.91
525,Soresina,IT,2021-02-03 05:51:08,45.2865,9.857,41.0,89,85,3.09
526,Sikasso,ML,2021-02-03 05:51:08,10.9167,-7.0,65.21,23,0,5.14
527,Marzuq,YE,2021-02-03 05:51:08,14.4,46.4667,67.42,24,0,2.59
528,Rehoboth,NA,2021-02-03 05:51:08,-23.3167,17.0833,72.72,38,9,5.66
529,Lingao,CN,2021-02-03 05:51:09,19.9103,109.6859,74.34,59,11,17.0
530,Zhezkazgan,KZ,2021-02-03 05:51:09,47.8043,67.7144,23.83,92,100,6.93
531,Miraflores,MX,2021-02-03 05:51:09,19.2167,-98.8083,60.8,25,1,4.61
532,Sao Filipe,CV,2021-02-03 05:50:17,14.8961,-24.4956,71.1,78,5,10.31
533,Morogoro,TZ,2021-02-03 05:51:09,-6.8167,37.6667,76.75,79,98,2.35
534,Molina,CL,2021-02-03 05:51:09,-35.1167,-71.2833,63.0,82,0,2.3
535,Sao Jose Da Coroa Grande,BR,2021-02-03 05:51:10,-8.8978,-35.1478,77.09,84,24,7.99
536,Gornji Milanovac,RS,2021-02-03 05:51:10,44.0333,20.45,33.8,100,90,1.14
537,Dhanwar,IN,2021-02-03 05:51:10,24.4167,85.9833,73.74,26,0,6.38
538,Usinsk,RU,2021-02-03 05:51:10,65.9939,57.5281,6.24,95,97,11.61
539,Kholtoson,RU,2021-02-03 05:51:10,50.2981,103.3097,12.79,87,76,4.34
540,Valparaiso,CL,2021-02-03 05:47:07,-33.0393,-71.6273,61.0,74,10,6.2
541,Ulagan,RU,2021-02-03 05:51:11,50.6321,87.9563,24.55,85,62,1.99
542,Gazimurskiy Zavod,RU,2021-02-03 05:51:11,51.5461,118.3266,-10.66,79,1,5.44
543,Custoias,PT,2021-02-03 05:51:11,41.1053,-7.321,54.0,9,89,5.01
544,Ciudad Guayana,VE,2021-02-03 05:51:11,8.3533,-62.6528,77.0,83,24,3.67
545,Doha,QA,2021-02-03 05:48:22,25.2867,51.5333,70.0,72,0,8.05
546,Teya,RU,2021-02-03 05:51:11,60.3778,92.6267,-2.07,89,100,4.23
547,Trairi,BR,2021-02-03 05:51:12,-3.2778,-39.2689,76.91,84,17,7.47
548,Gaoual,GN,2021-02-03 05:51:12,11.75,-13.2,65.57,70,63,1.88
549,Owando,CG,2021-02-03 05:51:12,-0.4819,15.8999,74.28,89,45,0.69
550,Bela,IN,2021-02-03 05:51:12,25.9333,81.9833,73.31,35,73,4.97
551,Voiron,FR,2021-02-03 05:51:12,45.3639,5.5921,48.0,93,0,3.44
552,Jalu,LY,2021-02-03 05:51:12,29.0331,21.5482,53.29,61,47,10.22
553,Schleiden,DE,2021-02-03 05:51:13,50.5295,6.477,48.99,93,75,9.22
554,Villarrica,PY,2021-02-03 05:51:13,-25.75,-56.4333,74.37,91,17,4.56
555,Wanning,CN,2021-02-03 05:51:13,18.8003,110.3967,74.41,66,72,8.57
556,Tshikapa,CD,2021-02-03 05:51:13,-6.4167,20.8,72.45,92,100,1.28
557,Uni,RU,2021-02-03 05:51:13,57.7535,51.4923,7.34,96,100,5.99
558,Nabire,ID,2021-02-03 05:51:14,-3.3667,135.4833,85.55,63,85,2.82
559,Birnin Kebbi,NG,2021-02-03 05:51:14,12.4539,4.1975,66.85,22,19,8.88
560,Asfi,MA,2021-02-03 05:51:14,32.2994,-9.2372,58.64,82,100,4.36
561,Mastic Beach,US,2021-02-03 05:51:14,40.7668,-72.8521,28.99,100,98,3.0
